"High School summer academy focused on STEM","Pre-college summer academy focused on STEM ","Pre-college Summer Bridge program","College career services (informational, resource focused)","College career counseling services (individual guidance)","Academic support/coaching services (e.g. study strategies, time management, test preparation)","Study partners (peer tutoring) program","Learning communities","Financial aid or loan options","Supplemental Instruction (SI)/ review sessions","Research internships in STEM","Study abroad programs","Services for students with disabilities","Graduate school career fairs","Other, please describe","High School summer academy focused on STEM","Pre-College summer academy focused on STEM ","Pre-College Summer Bridge program","Career services (informational, resource focused)","Career counseling services (individual guidance)","Academic support/coaching services (e.g. study strategies, time management, test preparation)","Study partners (peer tutoring) program","Learning communities","Financial aid or loan options","Supplemental Instruction (SI)/ review sessions","Research internships in STEM","Study abroad programs","Services for students with disabilities","Graduate school career fairs","Project Participation (Check all that apply)","Other, please describe","createdAt","formSubmissionID"
"1","1","1","N/A","N/A","5","5","3","4","5","2","2","5","3","","1","N/A","N/A","N/A","N/A","5","5","1","1","5","1","1","5","1","TAPDINTO-STEM Orientation meeting","","Mon Oct 31 2022, 5:16:25 PM","0llOnVR8DAKm4NKAbAGE"
"4","3","4","N/A","N/A","4","3","3","4","4","4","4","4","3","","4","N/A","N/A","N/A","N/A","1","4","3","3","3","1","1","4","1","TAPDINTO-STEM Orientation meeting, Monthly mentoring meetings","","Thu Sep 22 2022, 10:48:31 PM","220bmQPFSp22MTnwCC3V"
"1","1","3","5","5","5","5","5","5","5","5","5","5","4","","1","1","1","5","4","5","5","5","5","2","3","1","5","1","TAPDINTO-STEM Orientation meeting","","Thu Feb 16 2023, 3:42:30 PM","2o97aLiaXDqOTjAfMM1Q"
"1","1","1","4","4","3","4","4","4","2","2","2","4","2","","1","1","1","5","4","3","3","3","4","1","1","1","4","1","TAPDINTO-STEM Orientation meeting, Monthly mentoring meetings","","Fri Feb 17 2023, 3:09:53 PM","3PHQkmvD5HGZdBbZpLNe"
"N/A","3","N/A","N/A","N/A","5","5","5","4","N/A","2","N/A","4","N/A","","N/A","N/A","N/A","N/A","N/A","5","4","3","3","N/A","3","N/A","3","N/A","true","","Wed Aug 17 2022, 12:01:57 PM","3XYZ9AntdF87blmx1EOd"
"2","2","2","N/A","N/A","2","3","4","4","2","2","5","2","2","","1","N/A","N/A","N/A","N/A","1","1","1","5","1","1","1","1","1","TAPDINTO-STEM Orientation meeting, Monthly mentoring meetings","","Fri Nov 11 2022, 5:50:47 PM","4D75NkrUsxwcc73r2VAK"
"5","5","5","N/A","N/A","5","5","5","5","5","5","5","5","5","","5","N/A","N/A","N/A","N/A","3","3","1","1","3","4","1","5","1","TAPDINTO-STEM Orientation meeting, Monthly mentoring meetings","","Tue Dec 13 2022, 11:42:26 AM","4HT0dUt3OhhqqR0sQ0Ms"
"2","2","2","N/A","N/A","2","2","2","2","2","2","2","2","2","","1","N/A","N/A","N/A","N/A","1","2","1","2","1","1","1","1","1","TAPDINTO-STEM Orientation meeting","","Fri Nov 11 2022, 5:52:02 PM","4JmqCM5JYbll3CkMnnOt"
"1","1","1","4","3","3","5","5","5","4","4","5","5","1","","1","1","1","3","2","3","5","5","5","4","1","1","4","1","TAPDINTO-STEM Orientation meeting, Monthly mentoring meetings, Monthly peer meetings instead of weekly, true","","Tue Jan 24 2023, 8:34:25 PM","4fgskOSYFxwBSlQaeyba"
"4","4","4","N/A","N/A","4","4","4","4","4","4","4","4","4","","4","N/A","N/A","N/A","N/A","4","4","4","4","4","4","4","3","4","TAPDINTO-STEM Orientation meeting, Monthly mentoring meetings","","Tue Dec 06 2022, 8:07:04 AM","5NKBYJau3nAZwrlxIRII"
"4","4","4","N/A","N/A","4","4","4","4","4","4","4","4","4","","4","N/A","N/A","N/A","N/A","4","4","4","4","4","4","4","4","4","TAPDINTO-STEM Orientation meeting","","Tue Sep 13 2022, 4:49:02 PM","5X2v7bJ0XAntzRqHpR7P"
"1","1","1","4","5","4","2","1","1","1","3","4","3","3","","1","1","1","3","1","3","1","1","1","1","1","1","3","3","TAPDINTO-STEM Orientation meeting","","Fri Feb 17 2023, 4:54:53 PM","5Xrt4dt7HW2GKL0is3ey"
"1","1","1","1","1","1","1","1","1","1","1","1","1","1","","1","1","1","3","2","4","2","1","5","1","1","1","4","1","Monthly mentoring meetings, TAPDINTO-STEM Orientation meeting","","Thu Feb 16 2023, 7:24:50 PM","5kD7ufqdshFUZwed1eY7"
"1","1","1","N/A","N/A","1","3","3","2","1","2","3","5","3","","1","N/A","N/A","N/A","N/A","1","1","2","1","1","1","1","5","1","TAPDINTO-STEM Orientation meeting, Monthly mentoring meetings","","Thu Dec 01 2022, 3:15:40 PM","7dlH4FY8xXnKeexV4n3K"
"N/A","1","N/A","N/A","N/A","3","3","3","5","N/A","3","N/A","5","N/A","","N/A","N/A","N/A","N/A","N/A","1","3","1","3","N/A","1","N/A","1","N/A","Weekly Cluster meetings, Monthly Bridge meetings, TAPDINTO-STEM Orientation Meeting","","Mon Aug 15 2022, 2:19:16 PM","7vX0vPJrrP14qyUrjnkl"
"3","3","3","4","4","4","4","4","5","5","4","4","3","5","","1","1","1","3","3","4","4","4","5","5","1","1","3","3","Monthly mentoring meetings, Weekly peer meetings, TAPDINTO-STEM Orientation meeting","","Thu Jan 26 2023, 10:23:19 AM","8S9GSHGAKZOLMBACCCrs"
"1","1","1","N/A","N/A","3","2","1","3","4","3","3","4","3","","1","N/A","N/A","N/A","N/A","1","2","1","3","3","5","2","5","2","TAPDINTO-STEM Orientation meeting, Monthly mentoring meetings","","Fri Dec 16 2022, 5:41:59 PM","8dtG6ExVW298z8V6Z0cN"
"3","3","1","5","5","3","3","5","5","3","5","5","5","3","","2","2","2","5","5","3","2","2","5","2","2","1","4","1","Monthly mentoring meetings, Weekly peer meetings, TAPDINTO-STEM Orientation meeting","","Fri Feb 17 2023, 12:32:35 PM","8h31wmX0cEnpSPWw1Oih"
"1","1","1","N/A","N/A","4","4","4","4","1","4","4","5","4","","1","N/A","N/A","N/A","N/A","3","4","1","5","1","1","1","5","1","TAPDINTO-STEM Orientation meeting, Weekly peer meetings, Monthly mentoring meetings","","Fri Dec 02 2022, 10:01:32 AM","8iopviu1Vl9KjX1I7AsK"
"1","1","1","2","1","1","1","1","4","1","1","1","3","1","","1","1","1","3","1","1","1","1","4","1","1","1","4","1","true, The Troy Cluster does not meet on a regular basis. We haven't met with the mentor since the beginning of December 2022, and we've never been setup to attend weekly peer meetings., TAPDINTO-STEM Orientation meeting","","Fri Feb 10 2023, 10:11:55 AM","9QBeR4rvQfLy84nXOJFp"
"1","1","1","4","5","3","4","1","1","1","1","4","4","3","","1","1","1","1","3","1","4","1","1","1","1","1","5","1","Monthly mentoring meetings, TAPDINTO-STEM Orientation meeting","","Mon Jan 30 2023, 6:06:27 PM","AERl9KEYPmElmhMiIqGt"
"4","2","1","N/A","N/A","4","4","3","4","5","3","4","4","2","","2","N/A","N/A","N/A","N/A","3","1","1","1","5","1","1","4","1","Monthly mentoring meetings, TAPDINTO-STEM Orientation meeting","","Thu Sep 29 2022, 2:01:02 PM","AYJBSohezOE5gy8GHSIR"
"1","1","1","4","4","3","3","3","3","2","4","4","3","3","","1","1","1","3","3","1","1","1","1","1","4","1","1","1","TAPDINTO-STEM Orientation meeting","","Sun Feb 05 2023, 3:43:56 PM","Ai5hJquWuKza1mOOqy4w"
"1","1","1","3","3","5","5","2","5","2","5","1","5","1","","1","1","1","4","5","2","5","1","5","1","5","1","5","1","Monthly mentoring meetings, TAPDINTO-STEM Orientation meeting, In person meetings with peers, Weekly peer meetings, true","","Mon Feb 06 2023, 9:56:59 AM","Aw5fY3DNg3eZ39u1qyqI"
"3","3","1","5","5","3","3","5","5","3","5","5","5","3","","2","2","2","5","5","3","2","2","5","2","2","1","4","1","Monthly mentoring meetings, TAPDINTO-STEM Orientation meeting, Weekly peer meetings","","Fri Feb 17 2023, 12:35:49 PM","BM2YjHBEPlBBPmOjH18f"
"5","5","5","5","5","5","5","5","5","5","5","5","3","4","","3","1","1","5","1","5","5","2","2","1","1","1","5","3","TAPDINTO-STEM Orientation meeting, Monthly mentoring meetings, Weekly peer meetings","","Wed Feb 15 2023, 8:01:47 PM","BOxgvLBG48AsRbo8bAhb"
"1","1","1","N/A","N/A","4","4","3","5","3","4","4","5","3","","1","N/A","N/A","N/A","N/A","3","3","1","5","1","4","3","5","1","Monthly mentoring meetings, TAPDINTO-STEM Orientation meeting","","Fri Dec 02 2022, 4:58:24 PM","BV4WPbj1GtbbzUQdoJuq"
"1","1","1","N/A","N/A","4","2","3","4","3","3","4","4","3","","1","N/A","N/A","N/A","N/A","3","3","3","4","1","1","5","1","1","Monthly mentoring meetings, Weekly peer meetings, TAPDINTO-STEM Orientation meeting","","Sun Dec 04 2022, 5:29:11 PM","CQV99vJzoWGx3WsClz0L"
"3","3","1","4","5","4","5","5","5","5","5","4","5","5","","1","1","1","4","4","1","4","1","4","5","5","1","5","1","TAPDINTO-STEM Orientation meeting","","Tue Jan 31 2023, 11:58:45 AM","CQjiqcYDiIrpiRghlgmx"
"2","2","2","3","5","3","2","2","5","1","5","4","3","1","","1","1","1","2","2","2","2","2","5","1","5","2","3","1","Weekly peer meetings, Monthly mentoring meetings, TAPDINTO-STEM Orientation meeting","","Wed Feb 01 2023, 11:23:44 AM","Cd7JCyW1RT3zZseLv4mq"
"1","1","1","3","4","3","2","2","3","2","5","2","5","3","","1","1","1","3","4","4","5","1","4","1","1","1","5","2","Monthly mentoring meetings, true, TAPDINTO-STEM Orientation meeting, open to peer meetings on a week by week basis","","Tue Jan 24 2023, 11:58:55 PM","EKpi3Zm9TpVY0UKQ2xcT"
"3","3","1","N/A","N/A","5","4","4","5","4","2","2","3","3","","3","N/A","N/A","N/A","N/A","3","4","4","4","4","2","2","2","2","Weekly peer meetings, Monthly mentoring meetings, TAPDINTO-STEM Orientation meeting","","Thu Jan 12 2023, 1:33:59 PM","EzGGJpABH67o1ockJkFh"
"1","1","3","N/A","N/A","3","3","2","4","3","3","2","4","4","","1","N/A","N/A","N/A","N/A","2","2","3","4","2","1","1","5","1","true, ARC office and TRIO","","Sat Oct 29 2022, 5:02:44 PM","FIlzsVogAAiLMT0eSHvR"
"3","4","4","5","5","5","5","5","5","5","5","3","5","5","","4","4","4","4","4","4","5","5","4","4","5","5","5","4","TAPDINTO-STEM Orientation meeting, Monthly mentoring meetings, Weekly peer meetings","","Fri Feb 10 2023, 6:16:24 PM","FQDIQ3FNGIQT2s2yyJ8H"
"1","1","1","1","1","1","1","1","1","1","1","1","1","1","","1","1","1","1","1","1","1","1","1","1","1","1","1","1","Monthly mentoring meetings, TAPDINTO-STEM Orientation meeting","","Wed Feb 15 2023, 12:22:59 PM","G07JWPjYhkHjyFbdQOeU"
"3","3","1","N/A","N/A","5","5","3","5","3","2","5","4","2","","1","N/A","N/A","N/A","N/A","3","5","1","1","1","1","1","5","1","TAPDINTO-STEM Orientation meeting, Monthly mentoring meetings","","Tue Dec 06 2022, 4:39:47 PM","Gezlbzd5OithimA1P0oS"
"1","1","1","N/A","N/A","3","3","3","3","3","3","3","3","2","","1","N/A","N/A","N/A","N/A","1","1","3","3","3","1","1","1","1","Weekly peer meetings, TAPDINTO-STEM Orientation meeting, Monthly mentoring meetings","","Thu Nov 10 2022, 6:45:31 AM","GuVhMMMt56rkwfolQaxw"
"5","3","1","4","5","5","2","4","4","2","2","3","5","1","","1","1","1","4","1","4","5","2","3","1","1","1","4","1","Weekly peer meetings, TAPDINTO-STEM Orientation meeting, Monthly mentoring meetings","","Sun Jan 29 2023, 10:23:49 AM","HaaBmt48iOvWZB1RGpIM"
"1","1","1","5","5","5","5","5","3","3","4","4","4","2","","1","1","1","3","4","5","5","5","1","4","5","1","2","1","TAPDINTO-STEM Orientation meeting, Monthly mentoring meetings","","Wed Feb 01 2023, 2:22:22 PM","HegIOAwDu1barnf1EK6i"
"2","3","3","N/A","N/A","5","3","3","5","5","2","3","5","1","","1","N/A","N/A","N/A","N/A","4","4","2","5","2","1","1","5","1","TAPDINTO-STEM Orientation meeting, Weekly peer meetings, Monthly mentoring meetings","","Thu Nov 17 2022, 4:51:29 PM","Hh2FTipU8OZBGAygnCAv"
"2","3","3","4","4","4","5","4","4","4","5","4","5","4","","1","3","1","5","4","4","4","5","4","3","5","1","5","1","Monthly mentoring meetings, TAPDINTO-STEM Orientation meeting, Weekly peer meetings","","Wed Feb 15 2023, 12:44:04 PM","HmmTIKHyzTKeClXN7LCy"
"1","1","1","3","3","5","5","1","4","5","1","5","5","1","","1","1","1","1","1","5","5","1","5","5","1","5","5","1","Monthly mentoring meetings, TAPDINTO-STEM Orientation meeting, Weekly peer meetings","","Wed Jan 25 2023, 1:31:50 PM","Hx1zUrRvKG3hKU9bILsb"
"5","5","5","N/A","N/A","5","5","5","5","5","5","5","5","5","","5","N/A","N/A","N/A","N/A","5","5","5","5","5","5","5","5","5","Weekly peer meetings, Monthly mentoring meetings, TAPDINTO-STEM Orientation meeting","","Fri Sep 16 2022, 2:29:29 PM","IdMvI7AhDRAdBf0XUfzG"
"3","1","1","5","5","5","5","5","5","5","5","5","5","5","","2","2","2","3","1","4","4","4","5","3","4","1","4","3","Weekly peer meetings","","Mon Feb 20 2023, 10:32:08 AM","IoW487UWmeanOtyrpdGT"
"1","1","1","1","1","1","3","3","3","3","5","1","1","1","","1","1","1","1","1","1","5","5","5","5","5","1","1","1","Monthly mentoring meetings, TAPDINTO-STEM Orientation meeting","","Wed Feb 01 2023, 2:19:21 PM","Jlnx8yMhCUcrO9KskJif"
"1","1","1","5","5","3","2","1","2","1","2","1","3","1","","1","1","1","3","5","1","1","1","3","1","2","1","5","1","Weekly peer meetings, Monthly mentoring meetings, TAPDINTO-STEM Orientation meeting","","Mon Feb 06 2023, 12:40:32 AM","KENM1IiqMBsa915N1q0E"
"1","1","2","N/A","N/A","4","2","1","2","1","3","2","2","4","","1","N/A","N/A","N/A","N/A","3","1","1","3","1","1","1","5","3","TAPDINTO-STEM Orientation meeting, Monthly mentoring meetings, Weekly peer meetings","","Wed Sep 21 2022, 9:59:12 PM","L68hNQCxqzK4DFmvpUoG"
"3","3","3","4","4","4","4","4","5","5","4","4","3","5","","1","1","1","3","3","4","4","4","5","5","1","1","3","3","Weekly peer meetings, TAPDINTO-STEM Orientation meeting, Monthly mentoring meetings","","Thu Jan 26 2023, 10:25:10 AM","L879PQQEfpzk9mQCJmMP"
"1","1","1","N/A","N/A","3","4","3","5","4","3","3","4","3","","1","N/A","N/A","N/A","N/A","1","2","1","5","3","1","1","5","1","TAPDINTO-STEM Orientation meeting","","Thu Nov 17 2022, 5:00:07 PM","LGrSiZ5HjzfeWRFmYylc"
"4","4","4","5","5","5","5","5","2","1","5","1","5","5","","5","5","5","5","5","5","5","5","3","1","5","1","5","5","TAPDINTO-STEM Orientation meeting, Monthly mentoring meetings","","Wed Feb 01 2023, 2:54:56 PM","LQVA62EiIbpehaNId9Uf"
"1","1","1","N/A","N/A","2","2","1","5","1","1","3","5","3","","1","N/A","N/A","N/A","N/A","2","1","1","5","1","1","1","5","3","TAPDINTO-STEM Orientation meeting","","Wed Dec 07 2022, 6:19:47 PM","N0eiAaDY8ND5L7mI72HD"
"1","1","1","4","4","2","1","1","4","1","3","3","3","1","","3","3","3","4","4","5","3","3","5","3","4","3","5","3","TAPDINTO-STEM Orientation meeting","","Thu Feb 16 2023, 8:45:34 PM","N9zHNk7IxKxYbTnaiTXJ"
"1","1","1","4","4","4","4","5","5","1","2","1","3","1","","1","1","1","4","4","3","4","5","4","2","1","1","5","1","Weekly peer meetings, TAPDINTO-STEM Orientation meeting, Monthly mentoring meetings","","Sun Jan 29 2023, 11:32:54 AM","NK7wLOFJ1XwOtoRHYLTe"
"1","1","1","4","4","4","5","3","4","5","4","4","3","3","","1","1","1","3","3","3","5","1","4","5","2","1","4","1","Monthly mentoring meetings, TAPDINTO-STEM Orientation meeting","","Wed Feb 01 2023, 4:18:35 PM","NLJ7cpGBPdYeJ4zxeOcg"
"1","1","1","2","3","1","4","3","4","1","2","1","4","1","","1","1","1","3","3","1","4","4","2","1","1","1","4","1","TAPDINTO-STEM Orientation meeting","","Mon Jan 30 2023, 5:40:15 AM","NvYAXzKBJl6E3U60fbYO"
"1","1","1","N/A","N/A","5","5","5","5","1","3","1","5","1","","1","N/A","N/A","N/A","N/A","5","5","1","5","1","1","1","5","1","TAPDINTO-STEM Orientation meeting, Weekly peer meetings, Monthly mentoring meetings","","Tue Dec 06 2022, 3:29:19 PM","O6P1xTHxSVrFqy9AQia1"
"1","1","1","4","3","4","2","2","4","1","4","4","4","1","","1","1","1","3","4","3","1","1","5","1","5","1","5","1","Monthly mentoring meetings, TAPDINTO-STEM Orientation meeting, Weekly peer meetings","","Wed Feb 15 2023, 10:54:57 AM","O7kNQYCD2WDImapV4P74"
"1","1","1","5","5","4","4","2","4","3","3","2","3","2","","1","1","1","4","4","1","1","1","5","2","1","1","3","1","TAPDINTO-STEM Orientation meeting, Monthly mentoring meetings","","Wed Feb 08 2023, 12:33:23 PM","OPgCmuaG8Fa4UhBLV0Lc"
"3","2","1","4","4","4","4","4","3","4","2","2","3","2","","1","1","1","3","3","3","3","4","3","2","1","1","4","1","Monthly mentoring meetings, TAPDINTO-STEM Orientation meeting","","Tue Jan 31 2023, 12:30:39 PM","PyhRENawOa215xUEUZPM"
"1","1","1","3","4","5","3","2","3","5","3","5","2","3","","1","1","1","1","1","3","1","1","5","4","4","1","2","2","true, TAPDINTO-STEM Orientation meeting, Monthly mentoring meetings, Occasional peer meetings as agreed upon by participants ","","Wed Jan 25 2023, 4:02:01 PM","QGkYesaDPtTmvQ1xHQnB"
"1","1","1","4","4","4","4","4","5","4","4","5","4","3","","1","1","1","5","5","5","5","5","5","5","4","1","4","1","Weekly peer meetings, TAPDINTO-STEM Orientation meeting, Monthly mentoring meetings","","Mon Jan 30 2023, 9:56:40 PM","QPU5uRDvseIJHSIYFuot"
"4","3","1","N/A","N/A","4","4","4","2","1","2","4","3","1","","3","N/A","N/A","N/A","N/A","4","4","1","1","1","1","1","1","1","Monthly mentoring meetings, TAPDINTO-STEM Orientation meeting","","Fri Nov 11 2022, 5:48:53 PM","QZT0NTeCmcFDhp59j6Ar"
"1","1","1","4","5","4","4","4","3","3","2","2","3","2","","1","1","1","3","5","3","3","3","3","3","1","1","4","1","TAPDINTO-STEM Orientation meeting","","Fri Feb 17 2023, 1:53:29 PM","QdZvdMePej9eoJup7AH3"
"1","1","1","3","4","5","5","5","3","4","5","5","5","1","","3","3","3","5","5","5","5","5","5","5","4","3","4","1","Weekly peer meetings, Monthly mentoring meetings, TAPDINTO-STEM Orientation meeting","","Tue Jan 31 2023, 2:02:09 PM","RXuy1r9CBxkRgwvDhJqx"
"1","1","3","N/A","N/A","5","5","5","5","5","5","4","5","5","","1","N/A","N/A","N/A","N/A","5","5","5","5","5","5","5","5","1","Monthly mentoring meetings, TAPDINTO-STEM Orientation meeting","","Wed Dec 14 2022, 9:47:14 PM","Rvk2d9SFZajGvLnwtf0q"
"4","4","5","N/A","N/A","5","4","3","3","1","4","3","4","2","","1","N/A","N/A","N/A","N/A","5","4","4","5","1","1","1","5","1","TAPDINTO-STEM Orientation meeting, Weekly peer meetings, Monthly mentoring meetings","","Mon Sep 26 2022, 5:36:20 PM","SQjAIglNJyMCgyTM6zoi"
"4","4","3","5","5","5","5","5","5","3","5","4","5","5","","5","3","3","4","4","3","4","4","5","5","5","1","5","4","TAPDINTO-STEM Orientation meeting, Weekly peer meetings","","Wed Feb 15 2023, 12:46:17 PM","TsMjguVvVYK9iOnFkL7M"
"3","3","3","3","3","3","3","3","2","1","1","1","4","2","","1","1","1","1","2","1","4","1","1","1","5","1","4","1","Monthly mentoring meetings, TAPDINTO-STEM Orientation meeting","","Mon Jan 30 2023, 5:52:42 PM","U6AwIVXSjZesCx6YjJKO"
"3","3","3","5","5","4","3","3","4","4","3","4","5","3","","1","1","1","4","5","5","1","4","1","1","1","1","5","1","TAPDINTO-STEM Orientation meeting, Monthly mentoring meetings","","Mon Jan 30 2023, 5:09:15 PM","UDdWdtGIiicXSUhKnN2r"
"1","1","1","1","4","4","5","1","4","1","1","3","5","1","","1","1","1","1","4","4","5","1","3","1","1","1","5","1","TAPDINTO-STEM Orientation meeting","","Wed Jan 25 2023, 6:27:54 PM","UPhgriuVrLM0ihCRgCcG"
"1","1","1","3","4","3","2","2","3","2","5","2","5","3","","1","1","1","3","4","4","5","1","4","1","1","1","5","2","true, TAPDINTO-STEM Orientation meeting, Monthly mentoring meetings, open to peer meetings on a week by week basis","","Wed Jan 25 2023, 9:30:53 PM","UfCc4J0T1PJQRrnnxoBy"
"1","1","1","5","5","5","5","3","3","5","2","3","3","1","","1","1","1","1","1","1","1","1","5","5","3","5","5","1","TAPDINTO-STEM Orientation meeting, Weekly peer meetings, Monthly mentoring meetings","","Tue Feb 14 2023, 8:59:16 PM","Uhx2Iw4qknOaxGgtebeo"
"3","3","3","3","3","3","3","3","3","3","4","3","3","3","","4","4","1","1","1","4","4","4","2","4","3","1","2","2","TAPDINTO-STEM Orientation meeting, Monthly mentoring meetings","","Fri Feb 17 2023, 4:09:38 PM","V7CmaosCEjWKlj1P23pC"
"1","1","1","N/A","N/A","1","1","1","1","1","1","1","1","1","","1","N/A","N/A","N/A","N/A","1","1","1","1","1","1","1","1","1","Monthly mentoring meetings, TAPDINTO-STEM Orientation meeting","","Wed Aug 31 2022, 2:37:03 PM","WhbaIENV8e093ATnekyJ"
"3","1","1","4","5","5","2","4","5","5","4","3","5","3","","1","1","1","4","4","3","3","3","5","4","3","3","5","3","Monthly mentoring meetings, Weekly peer meetings, TAPDINTO-STEM Orientation meeting","","Tue Jan 31 2023, 4:19:48 PM","X75b5TFH2YWE6EtUXNCS"
"5","5","3","N/A","N/A","5","5","5","5","5","5","5","4","3","","4","N/A","N/A","N/A","N/A","3","3","5","4","4","1","1","5","1","Weekly peer meetings, TAPDINTO-STEM Orientation meeting, Monthly mentoring meetings","","Tue Sep 20 2022, 2:30:15 AM","Xe6tX2FeNcDBukPRnsBJ"
"1","1","1","N/A","N/A","5","4","3","4","4","5","1","4","4","","1","N/A","N/A","N/A","N/A","5","4","1","1","4","4","1","5","4","Monthly mentoring meetings, Weekly peer meetings, TAPDINTO-STEM Orientation meeting","","Thu Sep 22 2022, 3:40:13 PM","YyRVHbs1B7hvqT1KZG7v"
"4","3","1","3","4","2","5","2","1","5","3","4","1","2","","5","5","1","2","2","2","3","3","2","3","4","1","2","2","Monthly mentoring meetings","","Wed Feb 01 2023, 12:23:24 PM","ZJvfgow6Zkim9mLPbgdU"
"5","1","1","N/A","N/A","3","3","4","4","1","1","1","2","2","","1","N/A","N/A","N/A","N/A","1","1","1","5","1","1","1","2","1","true, Convention Meeting","","Wed Jan 11 2023, 11:31:35 PM","aHEoNIGS66mXNKo2Aotb"
"3","2","2","4","4","4","4","4","2","3","3","4","3","4","","2","2","3","4","4","4","3","3","2","4","3","4","4","4","TAPDINTO-STEM Orientation meeting","","Tue Jan 24 2023, 8:32:37 PM","akXSxTh23VxjMj783Sjo"
"1","1","1","4","4","4","4","4","4","5","3","4","4","3","","1","1","1","1","1","2","2","2","2","3","4","4","5","1","Monthly mentoring meetings, TAPDINTO-STEM Orientation meeting","","Wed Feb 15 2023, 4:39:25 PM","avSg1FXTmdo1HcWo7Ank"
"3","3","3","3","3","3","2","2","2","2","2","2","2","2","","1","5","5","4","3","1","3","1","1","1","1","1","1","1","Monthly mentoring meetings, TAPDINTO-STEM Orientation meeting","","Tue Jan 31 2023, 5:53:47 PM","bAMzt5XldycqeHCAlG5s"
"4","4","4","5","5","5","5","5","4","3","4","4","4","4","","3","3","3","3","3","4","4","3","4","4","3","3","4","3","TAPDINTO-STEM Orientation meeting, Weekly peer meetings, Monthly mentoring meetings","","Sun Jan 29 2023, 10:17:20 AM","bf956mbpBvCgdP16zxou"
"1","1","1","N/A","N/A","5","5","1","5","1","1","5","5","1","","1","N/A","N/A","N/A","N/A","1","1","1","3","1","1","2","3","1","TAPDINTO-STEM Orientation meeting, Monthly mentoring meetings","","Sat Dec 03 2022, 10:56:32 AM","bgVPApQJ00bsZBnqHm3B"
"1","1","1","N/A","N/A","4","1","4","4","4","4","4","4","4","","1","N/A","N/A","N/A","N/A","3","1","1","1","2","1","1","5","1","true, TAPDINTO-STEM Orientation meeting, I do a different peer mentoring program for disabled students, Weekly peer meetings, Monthly mentoring meetings","","Thu Sep 29 2022, 2:17:56 PM","cIqV2S23MZvwRMfyY3oN"
"3","3","4","5","5","5","4","5","5","5","5","5","5","4","","3","3","5","5","5","5","3","3","5","5","4","4","5","5","Monthly mentoring meetings, TAPDINTO-STEM Orientation meeting","","Wed Feb 15 2023, 4:56:16 PM","cd46KggVXrIWp6Goofag"
"4","4","4","4","3","4","4","4","4","4","4","4","4","4","","1","1","1","3","3","1","1","3","3","3","1","1","5","1","TAPDINTO-STEM Orientation meeting","","Tue Jan 31 2023, 1:40:29 PM","dCkGFz6ZGZP7ciEaKEFF"
"5","5","5","4","4","4","4","1","2","4","3","1","3","4","","1","1","1","3","2","4","2","1","4","2","1","1","4","1","Monthly mentoring meetings, Mtn hub meetings, local meetings, regional meetings, TAPDINTO-STEM Orientation meeting, true","Fall 2022 was a very hectic month, and I was unable to participate in the one-on-one meetings that I and another student had wanted to coordinate.","Wed Feb 08 2023, 5:22:49 PM","dJqQOkGXndxGqdz8xfeQ"
"3","3","2","4","4","3","2","3","4","5","4","5","5","4","","1","1","1","1","3","2","1","1","3","3","1","1","1","1","Monthly mentoring meetings, TAPDINTO-STEM Orientation meeting","","Tue Jan 31 2023, 12:43:58 PM","df8rMUSqluq2O8U5TH7q"
"2","5","5","N/A","N/A","4","4","3","2","3","2","4","4","4","","2","N/A","N/A","N/A","N/A","2","5","5","4","4","2","5","5","2","Monthly mentoring meetings, TAPDINTO-STEM Orientation meeting","","Fri Nov 11 2022, 5:51:07 PM","e4l4BVJYVEPTan7VjE7C"
"4","3","2","4","3","3","5","5","4","2","4","2","3","3","","4","4","1","5","2","5","5","5","5","2","5","1","3","3","TAPDINTO-STEM Orientation meeting, Monthly mentoring meetings, Weekly peer meetings","","Fri Feb 17 2023, 4:42:09 PM","e6iyP4vfRqKafChdpAKx"
"1","1","1","N/A","N/A","3","3","1","5","5","1","3","5","1","","1","N/A","N/A","N/A","N/A","1","1","2","4","4","1","1","5","1","Monthly mentoring meetings, Weekly peer meetings, TAPDINTO-STEM Orientation meeting","","Sat Dec 03 2022, 7:32:17 PM","fGlfNuyQXCmLlnLwPqVz"
"2","5","5","2","3","5","5","5","2","5","2","3","5","2","Dirty Rose","2","4","3","2","3","5","4","5","2","4","4","1","1","3","TAPDINTO-STEM Orientation meeting, Weekly peer meetings, Lorem ipsum dolor., true","Intensive Plum","Mon Jan 23 2023, 4:44:37 PM","fUz715V426KUmnqwx8th"
"1","1","1","3","1","3","4","1","2","1","1","1","5","1","","1","1","1","3","1","4","4","1","1","1","1","1","5","1","Monthly mentoring meetings, true, Monthly peer meetings, TAPDINTO-STEM Orientation meeting","","Wed Feb 01 2023, 12:58:56 AM","gQRwtiOOOEFcuDN06IFF"
"4","4","4","4","4","4","4","4","4","4","4","5","5","4","","4","4","4","4","4","4","4","4","4","4","4","4","4","4","TAPDINTO-STEM Orientation meeting, Monthly mentoring meetings","","Tue Jan 31 2023, 9:37:39 PM","h5li0cg2NrNt4UBwzaLE"
"3","4","2","N/A","N/A","3","4","3","4","3","3","3","4","1","","4","N/A","N/A","N/A","N/A","3","3","3","4","3","1","1","4","1","Monthly mentoring meetings, TAPDINTO-STEM Orientation meeting, Weekly peer meetings","","Sun Oct 02 2022, 11:40:58 AM","hMhp2Dwtc1mWPE4qCN9m"
"1","1","1","N/A","N/A","4","4","4","3","1","1","1","3","3","","3","N/A","N/A","N/A","N/A","3","3","3","3","3","3","3","3","3","TAPDINTO-STEM Orientation meeting, Monthly mentoring meetings, Weekly peer meetings","","Fri Nov 11 2022, 5:45:53 PM","hTclwQeZyGROXnA57zJi"
"3","3","3","4","4","4","4","4","5","5","4","4","3","5","","1","1","1","3","3","4","4","4","5","5","1","1","3","3","Monthly mentoring meetings, Weekly peer meetings, TAPDINTO-STEM Orientation meeting","","Thu Jan 26 2023, 11:01:27 AM","hwn9l6oaqMR18iV3Hf18"
"4","3","3","N/A","N/A","3","3","3","5","3","4","4","4","2","","3","N/A","N/A","N/A","N/A","3","3","3","5","4","4","1","4","1","TAPDINTO-STEM Orientation meeting, Weekly peer meetings, Monthly mentoring meetings","","Fri Dec 09 2022, 10:52:27 AM","hzFBn9RSeODGpiFKYSyP"
"4","4","4","N/A","N/A","4","5","5","5","3","5","4","5","4","","4","N/A","N/A","N/A","N/A","2","5","4","4","2","4","5","5","5","Monthly mentoring meetings, TAPDINTO-STEM Orientation meeting, Weekly peer meetings","","Fri Dec 02 2022, 10:22:02 AM","iNQMcqpOsDqzJNIU5Tjy"
"3","3","3","3","3","3","3","3","3","3","3","1","3","3","","3","3","3","3","3","3","3","3","3","3","3","3","3","3","Monthly mentoring meetings, TAPDINTO-STEM Orientation meeting","","Wed Feb 01 2023, 10:06:50 AM","jLxRhW3E033ekiHKRVS7"
"5","4","3","3","3","4","4","5","5","5","5","5","5","5","","5","4","2","4","4","5","4","2","5","3","5","4","5","5","TAPDINTO-STEM Orientation meeting","","Wed Feb 08 2023, 2:15:51 PM","jN2JGa4ofRWbNJuhlYMb"
"1","1","1","1","1","1","2","1","2","1","1","4","2","4","","1","1","1","1","1","1","2","1","2","1","1","1","3","4","TAPDINTO-STEM Orientation meeting","","Wed Jan 25 2023, 4:16:06 PM","km3fHmP66QtK0iVaRquO"
"1","1","1","4","5","4","4","3","3","2","4","3","4","3","","1","1","1","4","5","3","3","2","3","2","5","1","5","2","TAPDINTO-STEM Orientation meeting, Monthly mentoring meetings","","Wed Jan 25 2023, 1:38:51 PM","lX9NvJkPLJM4aQmd4rqo"
"1","1","1","N/A","N/A","4","3","2","3","4","3","2","4","2","","1","N/A","N/A","N/A","N/A","3","1","1","3","2","3","1","5","2","Monthly mentoring meetings, TAPDINTO-STEM Orientation meeting","","Tue Dec 20 2022, 3:03:22 PM","lXGiXScoCECxzz4p5jC9"
"2","4","1","5","3","1","5","5","4","4","3","1","1","4","Sad Copper","2","2","4","2","4","5","1","3","1","5","3","2","1","2","Monthly mentoring meetings, true, Lorem ipsum dolor.","Grateful Pink","Tue Jan 17 2023, 6:43:05 PM","mCK0Cu8kSOHTqEsYfuG6"
"N/A","5","N/A","N/A","N/A","5","3","3","3","N/A","3","N/A","3","N/A","","N/A","N/A","N/A","N/A","N/A","3","3","3","3","N/A","3","N/A","3","N/A","Weekly Cluster meetings","","Mon Aug 15 2022, 3:17:03 PM","mKRt05LnXDOWCuyNs9lo"
"3","3","2","4","4","4","4","3","4","3","2","3","4","3","","1","1","1","1","1","4","4","4","4","1","1","1","5","1","Weekly peer meetings, Monthly mentoring meetings, TAPDINTO-STEM Orientation meeting","","Fri Feb 17 2023, 4:44:39 PM","mqrhWYVouHilpfp4lQoa"
"1","1","1","N/A","N/A","4","4","2","5","2","1","1","5","1","","1","N/A","N/A","N/A","N/A","3","2","2","1","2","1","1","5","1","Monthly mentoring meetings, TAPDINTO-STEM Orientation meeting","","Fri Nov 11 2022, 5:58:21 PM","mzqeN464kdf1D4993eDi"
"2","2","2","N/A","N/A","4","3","3","4","5","5","4","4","4","","1","N/A","N/A","N/A","N/A","4","1","1","5","4","5","1","5","1","Monthly mentoring meetings, TAPDINTO-STEM Orientation meeting","","Thu Dec 29 2022, 2:06:26 PM","nLqWAPsYv2pipAVn7js3"
"1","3","1","N/A","N/A","1","1","1","3","3","4","3","3","2","","1","N/A","N/A","N/A","N/A","1","1","1","1","1","1","1","5","1","Monthly mentoring meetings, Weekly peer meetings, TAPDINTO-STEM Orientation meeting","","Fri Nov 18 2022, 11:09:56 PM","naguIBuf6xBetm1t6tbc"
"4","4","4","4","4","4","4","4","4","4","4","4","3","4","","1","1","4","5","5","5","5","4","5","1","5","1","4","1","Monthly mentoring meetings, TAPDINTO-STEM Orientation meeting","","Tue Jan 31 2023, 9:42:07 PM","nkjMSfPrTjBcX8uGgoj4"
"1","5","5","2","1","1","3","3","5","3","3","1","5","5","","1","5","3","3","1","1","3","3","3","3","5","4","5","5","TAPDINTO-STEM Orientation meeting","","Mon Jan 30 2023, 5:31:28 AM","nlRaar52VWRMS7g2Xzbk"
"N/A","2","N/A","N/A","N/A","5","2","2","1","N/A","3","N/A","5","N/A","Detailed Bronze","N/A","N/A","N/A","N/A","N/A","3","4","5","2","N/A","3","N/A","2","N/A","Monthly Bridge meetings","Rolling Aquamarine","Sun Aug 14 2022, 2:30:00 PM","npEeFTowc0u6C6qHBOYA"
"4","4","4","N/A","N/A","4","5","5","5","3","5","4","5","4","","4","N/A","N/A","N/A","N/A","2","5","4","4","2","4","5","5","5","Weekly peer meetings, Monthly mentoring meetings, TAPDINTO-STEM Orientation meeting","","Fri Dec 02 2022, 10:25:06 AM","o61RtjR4SHoBb44uhueb"
"3","2","1","4","3","4","4","4","4","3","4","3","3","2","","3","2","1","4","4","3","3","4","4","3","3","3","3","1","TAPDINTO-STEM Orientation meeting","","Thu Jan 26 2023, 1:37:25 PM","o7afuBZL300Yj04E3zfF"
"1","1","1","2","4","5","4","3","5","1","3","4","3","1","","1","1","1","1","1","1","1","1","1","1","1","5","4","1","Weekly peer meetings, Monthly mentoring meetings, TAPDINTO-STEM Orientation meeting","","Mon Jan 30 2023, 12:19:45 PM","oMPzYdA8j33EUm0ChNUf"
"1","1","1","5","4","4","3","2","5","1","2","4","2","1","","1","1","1","1","1","4","1","1","4","1","1","1","1","1","TAPDINTO-STEM Orientation meeting","","Mon Feb 13 2023, 2:43:46 PM","pDj4YoDNmhlByOmVCLUS"
"1","1","1","3","2","5","2","2","1","1","1","1","5","1","","1","1","1","1","1","4","1","5","1","1","1","1","5","1","Monthly mentoring meetings, TAPDINTO-STEM Orientation meeting, Weekly peer meetings","","Mon Feb 06 2023, 9:55:54 AM","pXNku9MC0rTpUtCElW8Q"
"1","1","1","3","5","5","1","1","4","4","3","4","5","1","","1","1","1","2","3","4","2","1","5","3","3","1","5","1","TAPDINTO-STEM Orientation meeting","","Sun Feb 19 2023, 2:28:59 PM","pn5yBPKjwpSCrJ6heRPW"
"1","1","1","3","3","3","3","3","3","3","2","3","3","1","","1","1","1","1","3","3","3","2","4","2","1","1","3","1","Monthly mentoring meetings, TAPDINTO-STEM Orientation meeting","","Thu Jan 26 2023, 1:19:31 PM","pv7Hhty4AXfZKnfiESKz"
"1","3","1","N/A","N/A","3","5","5","4","5","4","1","2","1","","1","N/A","N/A","N/A","N/A","5","3","3","3","1","1","1","3","1","Monthly mentoring meetings, TAPDINTO-STEM Orientation meeting","","Sun Jan 08 2023, 4:42:30 PM","qvfEqUOsG1fusGUjXnn5"
"1","1","1","5","5","5","2","3","2","1","1","1","3","1","","1","1","1","4","4","3","2","1","5","1","1","1","2","1","Monthly mentoring meetings","","Thu Feb 16 2023, 2:59:09 PM","r1Y5nv9fu7zKFGnA6MQu"
"1","1","1","4","3","4","4","3","3","2","3","2","2","2","","1","1","1","4","4","4","5","4","3","2","5","3","5","3","TAPDINTO-STEM Orientation meeting, Monthly mentoring meetings, Weekly peer meetings","","Tue Jan 31 2023, 5:14:36 PM","rtwUFHHB9Xca5TxpFQri"
"5","3","3","N/A","N/A","5","3","3","4","4","4","3","4","4","","3","N/A","N/A","N/A","N/A","5","3","3","3","3","3","4","3","3","TAPDINTO-STEM Orientation meeting, Weekly peer meetings, Monthly mentoring meetings","","Tue Sep 13 2022, 12:43:38 PM","s8CTfroS0e7OznMD2Jby"
"1","1","1","N/A","N/A","4","4","4","4","4","4","4","2","4","","1","N/A","N/A","N/A","N/A","2","5","1","1","1","1","1","1","1","TAPDINTO-STEM Orientation meeting","","Thu Sep 29 2022, 3:50:06 PM","sKEwovCysB4A4Jamq2Es"
"4","3","4","N/A","N/A","4","3","3","4","4","4","4","4","3","","4","N/A","N/A","N/A","N/A","1","4","3","3","3","1","1","4","1","Monthly mentoring meetings, TAPDINTO-STEM Orientation meeting","","Thu Sep 22 2022, 10:46:04 PM","tSiSwqSJvDRViojcYTjQ"
"1","1","1","N/A","N/A","3","3","2","5","5","3","3","4","4","","1","N/A","N/A","N/A","N/A","1","1","1","5","1","1","1","4","1","Monthly mentoring meetings, TAPDINTO-STEM Orientation meeting","","Thu Dec 15 2022, 2:43:16 PM","u1jKKUxXMbIgA8jmaKUI"
"1","1","1","N/A","N/A","3","2","4","5","5","5","3","5","1","","1","N/A","N/A","N/A","N/A","5","3","2","5","5","5","1","5","1","Monthly mentoring meetings, TAPDINTO-STEM Orientation meeting, Weekly peer meetings","","Fri Sep 16 2022, 1:56:09 PM","uDJFn9EPs0sdyejQ7e4T"
"5","2","3","N/A","N/A","4","4","4","5","5","3","3","4","3","","5","N/A","N/A","N/A","N/A","4","4","4","4","4","3","3","4","3","Monthly mentoring meetings, Weekly peer meetings","","Tue Sep 13 2022, 6:10:33 PM","uJWgIq8yZKRq5u2Y3MH8"
"1","1","1","N/A","N/A","5","5","3","4","5","2","2","5","3","","1","N/A","N/A","N/A","N/A","5","5","1","1","5","1","1","5","1","TAPDINTO-STEM Orientation meeting","","Mon Oct 31 2022, 5:19:58 PM","uMWsXAoolruQiA5YHezN"
"1","1","1","5","5","5","1","1","5","5","5","5","2","4","","1","1","1","3","3","2","1","1","4","2","4","1","3","1","Monthly mentoring meetings, TAPDINTO-STEM Orientation meeting","","Mon Jan 30 2023, 4:16:59 PM","vPW2fJrZJfgQgrW24Xhv"
"2","1","1","N/A","N/A","4","1","1","2","5","3","1","3","1","","1","N/A","N/A","N/A","N/A","3","3","1","3","3","4","1","4","1","TAPDINTO-STEM Orientation meeting, Monthly mentoring meetings","","Thu Jan 05 2023, 2:12:32 PM","vQ326ejSXC7ARO3MGRCf"
"1","1","1","4","1","3","3","4","1","1","5","1","5","3","","1","1","1","1","1","1","3","4","2","1","5","1","5","3","TAPDINTO-STEM Orientation meeting, Weekly peer meetings, Monthly mentoring meetings","","Fri Jan 27 2023, 8:55:01 AM","vRtnH3F3h0iHOozNdhTx"
"1","1","1","N/A","N/A","4","5","5","4","1","4","4","4","4","","1","N/A","N/A","N/A","N/A","3","5","5","4","5","3","3","5","3","TAPDINTO-STEM Orientation meeting, Monthly mentoring meetings, Weekly peer meetings","","Mon Sep 12 2022, 10:50:33 PM","vUxw83SQNd1QlBeoEuB6"
"1","4","4","N/A","N/A","5","5","4","4","5","4","3","5","4","","1","N/A","N/A","N/A","N/A","5","4","3","1","5","3","1","5","3","Weekly peer meetings, Monthly mentoring meetings, TAPDINTO-STEM Orientation meeting","","Thu Sep 15 2022, 1:36:08 PM","vjIVPyPa3hmG2Mbuvj63"
"1","1","1","N/A","N/A","2","1","1","2","1","1","1","2","1","","1","N/A","N/A","N/A","N/A","1","1","1","2","1","1","1","2","1","TAPDINTO-STEM Orientation meeting, Monthly mentoring meetings","","Fri Nov 11 2022, 5:49:14 PM","wUbdmm7ozwaRtRKezmQJ"
"4","3","3","N/A","N/A","3","3","3","5","3","4","4","4","2","","3","N/A","N/A","N/A","N/A","3","3","3","5","4","4","1","4","1","TAPDINTO-STEM Orientation meeting, Weekly peer meetings, Monthly mentoring meetings","","Fri Dec 09 2022, 10:53:33 AM","yETxksxRn4tQYIhfQxws"
"1","1","1","3","4","5","3","2","3","5","3","5","2","3","","1","1","1","1","1","3","1","1","5","4","4","1","2","2","Occasional peer meetings as agreed upon by participants , TAPDINTO-STEM Orientation meeting, true, Monthly mentoring meetings","","Wed Jan 25 2023, 4:23:27 PM","yZGlgIWLZei9a6CYcvdY"
"1","4","1","4","4","4","5","4","5","2","5","5","5","5","","1","3","1","4","4","4","4","4","4","4","1","1","3","5","Monthly mentoring meetings, TAPDINTO-STEM Orientation meeting","","Thu Jan 26 2023, 10:22:55 PM","yedPQNjk4ti3DUyTWlFp"
"3","3","3","N/A","N/A","4","4","4","5","5","4","4","3","5","","1","N/A","N/A","N/A","N/A","4","4","4","5","5","1","1","3","3","Weekly peer meetings, Monthly mentoring meetings, TAPDINTO-STEM Orientation meeting","","Mon Jan 16 2023, 4:10:26 PM","yprYewDkYCBE13XJ5DeF"
"3","3","3","4","4","4","4","4","5","5","4","4","3","5","","1","1","1","3","3","4","4","4","5","5","1","1","3","3","Monthly mentoring meetings, Weekly peer meetings, TAPDINTO-STEM Orientation meeting","","Thu Jan 26 2023, 11:01:01 AM","z2V4qTX0AFrnbedCWruT"
"1","1","1","3","4","5","3","4","1","1","2","2","4","3","","1","1","1","3","2","4","3","2","1","1","1","1","4","3","TAPDINTO-STEM Orientation meeting, Monthly mentoring meetings, Weekly peer meetings","I would like to know more/participate in some of the above but have yet to have the opportunity.","Wed Jan 25 2023, 12:04:36 AM","zykv8jLiZe9uaRbiKkcK"